country,Year,Population,Yearly %   Change,Yearly  Change,Migrants (net),Median Age,Fertility Rate,Density (P/KmÂ²),Urban  Pop %,Urban Population,Country's Share of  World Pop,World Population,DataType,Yearly Change Smoothed(moving-averages),World Urban Population,Population Normalized(min-max),Urban Population Normalized(min-max),Median Age Normalized(z-score),Density Normalized(decimal-scaling),Median Age Binned,Yearly Change Binned,Annual_Population_Growth,Migration_Rate,Dependency_Ratio,3_Year_Pop_Avg,is_outlier
Western Sahara,1975,74954,-0.005,-384,-2236.0,16.7,6.57,0,0.595,44566.0,0.0,4079480606,Historical,7036.666667,1540040106,4.53e-05,4.08e-05,-1.235585525,0.0,Young Adults,Low,-0.5032112250376134,-0.0298316300664407,0.2004801920768307,136084.0,True
Western Sahara,1965,50970,0.0924,3642,2500.0,21.1,6.53,0,0.362,18443.0,0.0,3339583597,Historical,2813.0,1188442083,3.07e-05,1.69e-05,-0.796442565,0.0,Young Adults,Low,-0.3369669849363894,0.0490484598783598,0.267427122940431,67599.33333333333,True
Western Sahara,1960,32761,0.0915,2323,1660.0,20.8,6.42,0,0.312,10218.0,0.0,3034949748,Historical,3715.333333,1023987607,1.96e-05,9.36e-06,-0.826384131,0.0,Young Adults,Low,-0.3572493623700216,0.0506700039681328,0.2626262626262626,53535.0,True
Western Sahara,1955,21147,0.0897,1476,1120.0,20.1,6.34,0,0.311,6576.0,0.0,2773019936,Historical,2480.333333,877161793,1.25e-05,6.02e-06,-0.896247783,0.0,Young Adults,Low,-0.354506883184274,0.0529625951671631,0.2515644555694618,34959.333333333336,True
United States Virgin Islands,1960,33135,0.0223,691,-107.0,21.1,5.49,95,0.565,18714.0,0.0,3034949748,Historical,2336.666667,1023987607,1.98e-05,1.71e-05,-0.796442565,0.00095,Young Adults,Low,-0.3403738578225469,-0.0032292138222423,0.267427122940431,49364.66666666666,True
United Arab Emirates,2005,4588225,0.0792,290833,237923.0,29.7,2.4,55,0.821,3767260.0,0.0007,6541907027,Historical,408589.3333,3210427237,0.002798713,0.003449754,0.061882311,0.00055,Young Adults,Low,-0.4633647439037341,0.0518551291621487,0.422475106685633,7467037.666666667,True
United Arab Emirates,2000,3134062,0.0535,143794,99679.0,28.0,2.97,37,0.808,2531398.0,0.0005,6143493823,Historical,408993.3333,2865195724,0.001911582,0.002318051,-0.10778656,0.00037,Young Adults,Low,-0.3169336726075987,0.0318050504425247,0.388888888888889,5424091.666666667,True
United Arab Emirates,1975,548301,0.1851,62757,52098.0,25.5,6.45,7,0.807,442351.0,0.0001,4079480606,Historical,75443.33333,1540040106,0.000334105,0.000405069,-0.357299605,7e-05,Young Adults,Low,-0.4621911135654516,0.0950171529871366,0.3422818791946309,977991.3333333334,True
United Arab Emirates,1970,234514,0.0937,16931,10765.0,22.8,6.77,3,0.801,187928.0,0.0001,3700437046,Historical,57976.66667,1355792207,0.000142675,0.000172089,-0.626773694,3e-05,Young Adults,Low,-0.572289673008074,0.0459034428648183,0.2953367875647669,600774.6666666666,True
United Arab Emirates,1965,149857,0.1015,11488,7576.0,20.2,6.87,2,0.78,116866.0,0.0,3339583597,Historical,30392.0,1188442083,9.1e-05,0.000107016,-0.886267262,2e-05,Young Adults,Low,-0.3609891093921897,0.0505548623020613,0.2531328320802005,310890.6666666667,True
United Arab Emirates,1960,92418,0.0304,2568,-35.0,17.8,6.97,1,0.737,68086.0,0.0,3034949748,Historical,10329.0,1023987607,5.6e-05,6.23e-05,-1.125799785,1e-05,Young Adults,Low,-0.3832920717750923,-0.0003787141033132,0.2165450121654502,158929.66666666666,True
Turks And Caicos Islands,2000,20164,0.0445,790,-4000.0,33.0,2.79,21,0.791,15957.0,0.0,6143493823,Historical,1096.333333,2865195724,1.19e-05,1.46e-05,0.391239531,0.00021,Young Adults,Low,-0.2844570617459191,-0.198373338623289,0.4925373134328358,27001.33333333333,True
Tokelau,2000,1554,0.0048,7,-2000.0,24.4,4.35,155,0.0,0.0,0.0,6143493823,Historical,-25.33333333,2865195724,5.55e-07,0.0,-0.467085345,0.00155,Young Adults,Low,0.2864238410596027,-1.287001287001287,0.3227513227513227,1300.6666666666667,True
Tokelau,1965,1922,0.0052,10,-2000.0,24.4,4.35,192,0.0,0.0,0.0,3339583597,Historical,-20.0,1188442083,7.8e-07,0.0,-0.467085345,0.00192,Young Adults,Low,0.1856878470080196,-1.0405827263267429,0.3227513227513228,1705.0,True
Syria,2010,21362529,0.0307,600271,74000.0,21.1,3.7,116,0.547,11686472.0,0.0031,6956823603,Historical,-201528.6667,3589494707,0.013032092,0.010701531,-0.796442565,0.00116,Young Adults,Low,0.1869780915118444,0.0034640093408416,0.267427122940431,18941837.33333333,True
Somalia,1975,3880292,0.0241,87145,0.0,18.2,7.1,6,0.255,989409.0,0.001,4079480606,Historical,213604.0,1540040106,0.002366829,0.000906021,-1.085877698,6e-05,Young Adults,Low,-0.3822306608965833,0.0,0.2224938875305623,5603351.0,True
Sint Maarten,1985,19123,0.0786,1205,27028.0,53.4,1.21,562,0.995,19028.0,0.0,4870921740,Historical,1204.333333,2008908528,1.13e-05,1.74e-05,2.427265981,0.00562,Middle-aged Adults,Low,-0.3362834929890324,1.4133765622548764,1.145922746781116,26365.0,True
Sint Maarten,1980,13100,0.0651,709,27028.0,53.4,1.21,385,1.0,13096.0,0.0,4458003514,Historical,1284.0,1755434817,7.6e-06,1.2e-05,2.427265981,0.00385,Middle-aged Adults,Low,-0.314961041677561,2.063206106870229,1.1459227467811162,20345.0,True
Sint Maarten,1965,4459,0.095,325,27028.0,53.4,1.21,131,0.473,2108.0,0.0,3339583597,Historical,448.3333333,1188442083,2.33e-06,1.93e-06,2.427265981,0.00131,Middle-aged Adults,Low,-0.3503787878787878,6.061448755326307,1.1459227467811162,6960.0,True
Sint Maarten,1960,2833,0.0609,145,27028.0,53.4,1.21,83,0.97,32531.0,0.0,3034949748,Historical,317.0,1023987607,1.34e-06,2.98e-05,2.427265981,0.00083,Middle-aged Adults,Low,-0.3646557524108544,9.54041651959054,1.1459227467811162,4718.666666666667,True
Sint Maarten,1955,2108,0.0706,122,27028.0,53.4,1.21,62,0.97,32531.0,0.0,2773019936,Historical,197.3333333,877161793,8.93e-07,2.98e-05,2.427265981,0.00062,Middle-aged Adults,Low,-0.2559124602894458,12.821631878557875,1.145922746781116,3133.333333333333,True
Singapore,2050,6407532,-0.0012,-7929,27028.0,53.4,1.21,9154,0.994,3478779.0,0.0007,9735033990,Forecasted,-2554.0,6659490517,0.003908604,0.003185586,2.427265981,0.09154,Middle-aged Adults,Low,0.0,0.0042181607520649,1.145922746781116,6407532.0,True
Singapore,2045,6447179,0.0001,337,27028.0,52.1,1.21,9210,0.994,3478779.0,0.0007,9481803274,Forecasted,-2490.0,6294783425,0.003932791,0.003185586,2.297519197,0.0921,Middle-aged Adults,Low,0.0061875617632498,0.0041922211249292,1.0876826722338204,6427355.5,True
Singapore,2040,6445496,0.0018,11807,27028.0,50.5,1.21,9208,0.994,3478779.0,0.0007,9198847240,Forecasted,1405.0,5925746494,0.003931765,0.003185586,2.137830848,0.09208,Middle-aged Adults,Low,-0.0002610444040719,0.0041933157665445,1.02020202020202,6433402.333333333,True
Singapore,2035,6386461,0.0039,24799,27028.0,48.8,1.21,9124,0.994,3478779.0,0.0007,8887524213,Forecasted,12314.33333,5547549780,0.00389575,0.003185586,1.968161978,0.09124,Middle-aged Adults,Low,-0.0091591089343628,0.0042320778283935,0.953125,6426378.666666667,True
Singapore,2030,6262466,0.006,36740,27028.0,46.8,1.21,8946,0.994,3478779.0,0.0007,8548487400,Forecasted,24448.66667,5159500931,0.003820105,0.003185586,1.768551541,0.08946,Middle-aged Adults,Low,-0.0194152911917884,0.0043158717348724,0.8796992481203008,6364807.666666667,True
Singapore,2025,6078764,0.0077,45684,27028.0,44.6,1.21,8684,0.994,3478779.0,0.0007,8184437460,Forecasted,35741.0,4767618074,0.003708035,0.003185586,1.548980061,0.08684,Middle-aged Adults,Low,-0.0293338119520329,0.0044462986225489,0.8050541516245487,6242563.666666667,True
Singapore,2020,5850342,0.0091,51638,27028.0,42.2,1.21,8358,0.994,3478779.0,0.0008,7794798739,Forecasted,44687.33333,8732896403,0.003568683,0.003185586,1.309447538,0.08358,Middle-aged Adults,Low,-0.0375770469128263,0.0046199008536594,0.7301038062283737,6063857.333333333,True
Singapore,2020,5850342,0.0079,46005,27028.0,42.2,1.21,8358,0.994,3478779.0,0.0008,7794798739,Historical,47775.66667,8732896403,0.003568683,0.003185586,1.309447538,0.08358,Middle-aged Adults,Low,0.0,0.0046199008536594,0.7301038062283737,5926482.666666667,True
Singapore,2019,5804337,0.0081,46838,27028.0,40.2,1.23,8292,0.994,3478779.0,0.0008,7713468100,Historical,48160.33333,4277723521,0.003540617,0.003185586,1.109837101,0.08292,Middle-aged Adults,Low,-0.0078636428434439,0.0046565180484868,0.6722408026755853,5835007.0,True
Singapore,2018,5757499,0.0087,49458,27028.0,40.2,1.23,8225,0.994,3478779.0,0.0008,7631091040,Historical,47433.66667,4209305915,0.003512043,0.003185586,1.109837101,0.08225,Middle-aged Adults,Low,-0.0080694832157401,0.0046943994258618,0.6722408026755854,5804059.333333333,True
Singapore,2017,5708041,0.0096,54407,27028.0,40.2,1.23,8154,0.994,3478779.0,0.0008,7547858925,Historical,50234.33333,4130196596,0.003481871,0.003185586,1.109837101,0.08154,Middle-aged Adults,Low,-0.0085901882049828,0.0047350746079083,0.6722408026755854,5756625.666666667,True
Singapore,2016,5653634,0.011,61482,27028.0,40.2,1.23,8077,0.994,5622455.0,0.0008,7464022049,Historical,55115.66667,4053027738,0.003448679,0.005148592,1.109837101,0.08077,Middle-aged Adults,Low,-0.0095316414160304,0.0047806419729328,0.6722408026755854,5706391.333333333,True
Singapore,2015,5592152,0.0174,92196,63406.0,39.7,1.23,7989,0.99,5535262.0,0.0008,7379797139,Historical,69361.66667,3974036572,0.003411171,0.005068748,1.059934492,0.07989,Middle-aged Adults,Low,-0.0108747754099398,0.0113383899436209,0.6583747927031509,5651275.666666667,True
Saint Martin,1985,11061,0.0475,458,0.0,48.4,1.44,209,0.0,0.0,0.0,4870921740,Historical,1236.666667,2008908528,6.36e-06,0.0,1.92823989,0.00209,Middle-aged Adults,Low,-0.6490799492385787,0.0,0.9379844961240308,23300.666666666668,True
Saint Barthelemy,1985,3368,0.0179,57,-9000.0,27.2,4.1,160,0.0,0.0,0.0,4870921740,Historical,219.0,2008908528,1.66e-06,0.0,-0.187630734,0.0016,Young Adults,Low,-0.36917025660236,-2.672209026128266,0.3736263736263737,5024.666666666667,True
Rwanda,1990,7288882,0.0347,228398,6000.0,15.3,7.8,295,0.054,391898.0,0.0014,5327231061,Historical,119119.3333,2288105485,0.004446283,0.000358869,-1.37531283,0.00295,Young Adults,Low,0.2488457541726669,0.0008231715097047,0.1806375442739079,7019686.0,True
Qatar,2005,865416,0.0787,54590,42783.0,31.0,2.95,75,0.973,842340.0,0.0001,6541907027,Historical,131549.6667,3210427237,0.000527565,0.000771347,0.191629095,0.00075,Young Adults,Low,-0.5338019648477881,0.0494363404420533,0.4492753623188406,1762484.3333333333,True
Qatar,2000,592468,0.029,15805,5901.0,30.5,3.46,51,0.963,570417.0,0.0001,6143493823,Historical,89525.66667,2865195724,0.00036105,0.000522342,0.141726485,0.00051,Young Adults,Low,-0.3153951394473872,0.0099600315966431,0.4388489208633093,1104737.0,True
Qatar,1980,223632,0.0636,11862,5677.0,23.4,6.1,19,0.894,199973.0,0.0001,4458003514,Historical,20797.33333,1755434817,0.000136037,0.000183119,-0.566890563,0.00019,Young Adults,Low,-0.3970395535064305,0.0253854546755383,0.3054830287206266,356933.3333333333,True
Qatar,1970,109514,0.0826,7176,4212.0,22.0,6.97,9,0.884,96760.0,0.0,3700437046,Historical,9999.666667,1355792207,6.64e-05,8.86e-05,-0.706617869,9e-05,Young Adults,Low,-0.3335321324245375,0.0384608360574903,0.2820512820512821,165822.0,True
Qatar,1965,73633,0.0922,5250,3279.0,20.5,6.97,6,0.871,64100.0,0.0,3339583597,Historical,7795.666667,1188442083,4.45e-05,5.87e-05,-0.856325696,6e-05,Young Adults,Low,-0.3276384754460617,0.0445316637920497,0.2578616352201258,115822.33333333331,True
Qatar,1960,47384,0.0573,2304,911.0,19.4,6.97,4,0.853,40407.0,0.0,3034949748,Historical,4910.0,1023987607,2.85e-05,3.7e-05,-0.966111436,4e-05,Young Adults,Low,-0.3564841850800592,0.0192258990376498,0.2406947890818858,76843.66666666667,True
Palau,1985,13528,0.0212,270,-171178.0,30.0,3.55,29,0.682,9228.0,0.0,4870921740,Historical,332.3333333,2008908528,7.86e-06,8.45e-06,0.091823876,0.00029,Young Adults,Low,-0.1016071191393279,-12.653607332939089,0.4285714285714285,15250.0,True
Palau,1980,12179,-0.0115,-145,-171178.0,30.0,3.55,26,0.626,7626.0,0.0,4458003514,Historical,143.6666667,1755434817,7.04e-06,6.98e-06,0.091823876,0.00026,Young Adults,Low,-0.0997191011235955,-14.055176943919864,0.4285714285714286,13588.333333333334,True
Palau,1975,12904,0.0179,219,-171178.0,30.0,3.55,28,0.582,7507.0,0.0,4079480606,Historical,114.6666667,1540040106,7.48e-06,6.87e-06,0.091823876,0.00028,Young Adults,Low,0.0595286969373511,-13.265499070055796,0.4285714285714286,12870.333333333334,True
Palau,1970,11811,0.0143,162,-171178.0,30.0,3.55,26,0.58,6855.0,0.0,3700437046,Historical,78.66666667,1355792207,6.81e-06,6.28e-06,0.091823876,0.00026,Young Adults,Low,-0.0847024178549287,-14.493099652865972,0.4285714285714285,12298.0,True
Palau,1965,11003,0.024,246,-171178.0,30.0,3.55,24,0.415,4570.0,0.0,3339583597,Historical,209.0,1188442083,6.32e-06,4.18e-06,0.091823876,0.00024,Young Adults,Low,-0.0684108034882736,-15.55739343815323,0.4285714285714285,11906.0,True
Palau,1960,9771,0.0326,290,-171178.0,30.0,3.55,21,0.561,5479.0,0.0,3034949748,Historical,232.6666667,1023987607,5.57e-06,5.02e-06,0.091823876,0.00021,Young Adults,Low,-0.1119694628737617,-17.518984750793162,0.4285714285714285,10861.666666666666,True
Palau,1955,8322,0.0226,176,-171178.0,30.0,3.55,18,0.549,4570.0,0.0,2773019936,Historical,237.3333333,877161793,4.68e-06,4.18e-06,0.091823876,0.00018,Young Adults,Low,-0.1482959778937672,-20.56933429464071,0.4285714285714286,9698.666666666666,True
Oman,2010,3041434,0.0391,106037,53400.0,26.2,2.9,10,0.752,2285997.0,0.0004,6956823603,Historical,187697.0,3589494707,0.001855073,0.002093332,-0.287435953,0.0001,Young Adults,Low,-0.2872777190892329,0.0175575074126218,0.3550135501355013,3929333.6666666665,True
Northern Mariana Islands,1985,28720,0.1154,2417,-1000.0,48.3,1.5,62,0.895,25712.0,0.0,4870921740,Historical,1949.0,2008908528,1.71e-05,2.35e-05,1.918259369,0.00062,Middle-aged Adults,Low,-0.3722678789998251,-0.0348189415041782,0.9342359767891684,40114.0,True
Northern Mariana Islands,1980,16633,0.0219,342,-1000.0,48.3,1.5,36,0.883,14684.0,0.0,4458003514,Historical,2055.0,1755434817,9.75e-06,1.34e-05,1.918259369,0.00036,Middle-aged Adults,Low,-0.4208565459610027,-0.0601214453195454,0.934235976789168,30368.33333333333,True
Niue,2050,1778,0.003,5,-61108.0,22.4,5.42,7,0.616,1096.0,0.0,9735033990,Forecasted,58315.33333,6659490517,6.92e-07,1e-06,-0.666695782,7e-05,Young Adults,Low,0.0,-34.368953880764906,0.2886597938144329,1778.0,True
Niue,2045,1752,0.0025,4,-61108.0,22.4,5.42,7,0.595,1043.0,0.0,9481803274,Forecasted,-30829.0,6294783425,6.76e-07,9.55e-07,-0.666695782,7e-05,Young Adults,Low,-0.014623172103487,-34.87899543378995,0.2886597938144329,1765.0,True
Niue,2040,1730,0.004,7,-61108.0,22.4,5.42,7,0.575,994.0,0.0,9198847240,Forecasted,5.333333333,5925746494,6.63e-07,9.1e-07,-0.666695782,7e-05,Young Adults,Low,-0.0125570776255707,-35.32254335260116,0.2886597938144329,1753.3333333333333,True
Niue,2035,1696,0.0038,6,-61108.0,22.4,5.42,7,0.554,939.0,0.0,8887524213,Forecasted,5.666666667,5547549780,6.42e-07,8.6e-07,-0.666695782,7e-05,Young Adults,Low,-0.0196531791907514,-36.030660377358494,0.2886597938144329,1726.0,True
Niue,2030,1664,0.0052,9,-61108.0,22.4,5.42,6,0.528,878.0,0.0,8548487400,Forecasted,7.333333333,5159500931,6.22e-07,8.04e-07,-0.666695782,6e-05,Young Adults,Low,-0.0188679245283018,-36.72355769230769,0.2886597938144329,1696.6666666666667,True
Niue,2025,1621,-0.0006,-1,-61108.0,22.4,5.42,6,0.5,810.0,0.0,8184437460,Forecasted,4.666666667,4767618074,5.96e-07,7.42e-07,-0.666695782,6e-05,Young Adults,Low,-0.0258413461538461,-37.69771745835904,0.2886597938144329,1660.3333333333333,True
Niue,2020,1626,0.0009,1,-61108.0,22.4,5.42,6,0.464,754.0,0.0,7794798739,Forecasted,3.0,8732896403,5.99e-07,6.9e-07,-0.666695782,6e-05,Young Adults,Low,0.0030845157310301,-37.58179581795818,0.2886597938144329,1637.0,True
Niue,2019,1615,-0.0031,-5,-61108.0,22.4,5.42,6,0.459,741.0,0.0,7713468100,Historical,-1.666666667,4277723521,5.92e-07,6.79e-07,-0.666695782,6e-05,Young Adults,Low,-0.0067650676506765,-37.83777089783282,0.2886597938144329,1620.6666666666667,True
Niue,2018,1620,0.0068,11,-61108.0,22.4,5.42,6,0.449,727.0,0.0,7631091040,Historical,2.333333333,4209305915,5.95e-07,6.66e-07,-0.666695782,6e-05,Young Adults,Low,0.0030959752321981,-37.720987654320986,0.2886597938144329,1620.3333333333333,True
Niue,2017,1609,-0.0031,-5,-61108.0,22.4,5.42,6,0.443,713.0,0.0,7547858925,Historical,0.333333333,4130196596,5.89e-07,6.53e-07,-0.666695782,6e-05,Young Adults,Low,-0.00679012345679,-37.97886886264761,0.2886597938144329,1614.6666666666667,True
Niue,2016,1614,-0.0031,-5,-61108.0,22.4,5.42,6,0.436,703.0,0.0,7464022049,Historical,0.333333333,4053027738,5.92e-07,6.44e-07,-0.666695782,6e-05,Young Adults,Low,0.0031075201988812,-37.861214374225526,0.2886597938144329,1614.3333333333333,True
Niue,2015,1619,0.0001,0,-61108.0,22.4,5.42,6,0.428,693.0,0.0,7379797139,Historical,-3.333333333,3974036572,5.95e-07,6.35e-07,-0.666695782,6e-05,Young Adults,Low,0.0030978934324659,-37.74428659666461,0.2886597938144329,1614.0,True
Niue,2010,1618,-0.0078,-13,-61108.0,22.4,5.42,6,0.389,630.0,0.0,6956823603,Historical,-6.0,3589494707,5.94e-07,5.77e-07,-0.666695782,6e-05,Young Adults,Low,-0.0006176652254478,-37.76761433868974,0.2886597938144329,1617.0,True
Niue,2005,1683,-0.0239,-43,-61108.0,22.4,5.42,6,0.352,593.0,0.0,6541907027,Historical,-18.66666667,3210427237,6.34e-07,5.43e-07,-0.666695782,6e-05,Young Adults,Low,0.0401730531520394,-36.30897207367796,0.2886597938144329,1640.0,True
Niue,2000,1899,-0.0259,-53,-61108.0,22.4,5.42,7,0.331,628.0,0.0,6143493823,Historical,-36.33333333,2865195724,7.66e-07,5.75e-07,-0.666695782,7e-05,Young Adults,Low,0.1283422459893048,-32.179041600842545,0.2886597938144329,1733.3333333333333,True
Niue,1995,2165,-0.0145,-33,-61108.0,22.4,5.42,8,0.315,681.0,0.0,5744212979,Historical,-43.0,2573011970,9.28e-07,6.24e-07,-0.666695782,8e-05,Young Adults,Low,0.1400737230121116,-28.22540415704388,0.2886597938144329,1915.6666666666667,True
Niue,1990,2329,-0.0305,-78,-61108.0,22.4,5.42,9,0.309,720.0,0.0,5327231061,Historical,-54.66666667,2288105485,1.03e-06,6.59e-07,-0.666695782,9e-05,Young Adults,Low,0.0757505773672055,-26.237870330614,0.2886597938144329,2131.0,True
Niue,1985,2719,-0.0439,-137,-61108.0,22.4,5.42,10,0.31,844.0,0.0,4870921740,Historical,-82.66666667,2008908528,1.27e-06,7.73e-07,-0.666695782,0.0001,Young Adults,Low,0.167453842851009,-22.47443913203384,0.2886597938144329,2404.333333333333,True
Niue,1980,3404,-0.0306,-114,-61108.0,22.4,5.42,13,0.27,920.0,0.0,4458003514,Historical,-109.6666667,1755434817,1.68e-06,8.42e-07,-0.666695782,0.00013,Young Adults,Low,0.2519308569326959,-17.951821386603996,0.2886597938144329,2817.333333333333,True
Niue,1975,3976,-0.0499,-232,-61108.0,22.4,5.42,15,0.234,929.0,0.0,4079480606,Historical,-161.0,1540040106,2.03e-06,8.51e-07,-0.666695782,0.00015,Young Adults,Low,0.1680376028202115,-15.369215291750503,0.2886597938144329,3366.333333333333,True
Niue,1970,5135,0.0014,7,-61108.0,22.4,5.42,20,0.211,1083.0,0.0,3700437046,Historical,-113.0,1355792207,2.74e-06,9.92e-07,-0.666695782,0.0002,Young Adults,Low,0.2914989939637826,-11.90029211295034,0.2886597938144329,4171.666666666667,True
Niue,1960,4826,0.0056,26,-61108.0,22.4,5.42,19,0.215,1038.0,0.0,3034949748,Historical,29.0,1023987607,2.55e-06,9.51e-07,-0.666695782,0.00019,Young Adults,Low,-0.0533542565712044,-12.662246166597596,0.2886597938144329,5019.666666666667,True
Niue,1955,4694,0.0012,5,-61108.0,22.4,5.42,18,0.215,1009.0,0.0,2773019936,Historical,28.33333333,877161793,2.47e-06,9.24e-07,-0.666695782,0.00018,Young Adults,Low,-0.0273518441773725,-13.018321261184491,0.2886597938144329,4872.666666666667,True
Montserrat,1995,9848,-0.0149,-153,-480.0,44.8,1.75,98,0.13,1279.0,0.0,5744212979,Historical,-385.3333333,2573011970,5.62e-06,1.17e-06,1.568941105,0.00098,Middle-aged Adults,Low,0.9979711909109352,-0.0487408610885458,0.8115942028985506,6537.333333333333,True
Montserrat,1955,14233,0.0103,143,-480.0,44.8,1.75,142,0.159,2259.0,0.0,2773019936,Historical,-119.3333333,877161793,8.29e-06,2.07e-06,1.568941105,0.00142,Middle-aged Adults,Low,0.1903487496863762,-0.0337244431953909,0.8115942028985506,12638.666666666666,True
Monaco,2050,46002,0.0046,211,-1387.0,48.9,1.26,30874,0.993,45685.0,0.0,9735033990,Forecasted,11757.33333,6659490517,2.77e-05,4.18e-05,1.978142499,0.30874,Middle-aged Adults,Low,0.0,-0.0301508630059562,0.9569471624266144,46002.0,True
Monaco,2045,44949,0.0044,195,-1387.0,48.9,1.26,30167,0.99,44513.0,0.0,9481803274,Forecasted,5129.0,6294783425,2.7e-05,4.08e-05,1.978142499,0.30167,Middle-aged Adults,Low,-0.0228903091169949,-0.0308571937084251,0.9569471624266144,45475.5,True
Monaco,2040,43972,0.0048,209,-1387.0,48.9,1.26,29511,0.989,43487.0,0.0,9198847240,Forecasted,205.0,5925746494,2.64e-05,3.98e-05,1.978142499,0.29511,Middle-aged Adults,Low,-0.0217357449553938,-0.0315427999636132,0.9569471624266146,44974.333333333336,True
Monaco,2035,42929,0.0055,230,-1387.0,48.9,1.26,28811,0.989,42462.0,0.0,8887524213,Forecasted,211.3333333,5547549780,2.58e-05,3.89e-05,1.978142499,0.28811,Middle-aged Adults,Low,-0.0237196397707631,-0.0323091616389853,0.9569471624266144,43950.0,True
Monaco,2030,41777,0.0059,244,-1387.0,48.9,1.26,28038,0.99,41362.0,0.0,8548487400,Forecasted,227.6666667,5159500931,2.51e-05,3.79e-05,1.978142499,0.28038,Middle-aged Adults,Low,-0.0268350066388688,-0.033200086171817,0.9569471624266146,42892.66666666666,True
Monaco,2025,40557,0.0066,263,-1387.0,48.9,1.26,27219,0.994,40294.0,0.0,8184437460,Forecasted,245.6666667,4767618074,2.43e-05,3.69e-05,1.978142499,0.27219,Middle-aged Adults,Low,-0.0292026713263279,-0.0341987819611904,0.9569471624266144,41754.333333333336,True
Monaco,2020,39242,0.008,305,-1387.0,48.9,1.26,26337,0.99,42974.5,0.0,7794798739,Forecasted,270.6666667,8732896403,2.35e-05,3.94e-05,1.978142499,0.26337,Middle-aged Adults,Low,-0.0324235027245605,-0.0353447836501707,0.9569471624266144,40525.333333333336,True
Monaco,2019,38964,0.0073,282,-1387.0,48.9,1.26,26150,0.999,30691.0,0.0,7713468100,Historical,283.3333333,4277723521,2.34e-05,2.81e-05,1.978142499,0.2615,Middle-aged Adults,Low,-0.0070842464706182,-0.035596961297608,0.9569471624266146,39587.66666666666,True
Monaco,2018,38682,0.0076,290,-1387.0,48.9,1.26,25961,0.999,30691.0,0.0,7631091040,Historical,292.3333333,4209305915,2.32e-05,2.81e-05,1.978142499,0.25961,Middle-aged Adults,Low,-0.0072374499538034,-0.0358564707098909,0.9569471624266144,38962.66666666666,True
Monaco,2017,38392,0.0085,322,-1387.0,48.9,1.26,25766,0.999,30691.0,0.0,7547858925,Historical,298.0,4130196596,2.3e-05,2.81e-05,1.978142499,0.25766,Middle-aged Adults,Low,-0.0074970270410009,-0.0361273181912898,0.9569471624266144,38679.333333333336,True
Monaco,2016,38070,0.0093,352,-1387.0,48.9,1.26,25550,0.999,30691.0,0.0,7464022049,Historical,321.3333333,4053027738,2.28e-05,2.81e-05,1.978142499,0.2555,Middle-aged Adults,Low,-0.0083871639924983,-0.0364328867874967,0.9569471624266144,38381.333333333336,True
Monaco,2015,37718,0.0116,421,-1387.0,48.9,1.26,25314,0.999,30691.0,0.0,7379797139,Historical,365.0,3974036572,2.26e-05,2.81e-05,1.978142499,0.25314,Middle-aged Adults,Low,-0.0092461255581822,-0.0367728935786627,0.9569471624266144,38060.0,True
Monaco,2010,35612,0.0102,354,-1387.0,48.9,1.26,23901,0.999,30691.0,0.0,6956823603,Historical,375.6666667,3589494707,2.13e-05,2.81e-05,1.978142499,0.23901,Middle-aged Adults,Low,-0.0558354101490005,-0.0389475457710883,0.9569471624266144,37133.333333333336,True
Monaco,2005,33843,0.0103,339,-1387.0,48.9,1.26,22713,0.999,33793.0,0.0,6541907027,Historical,371.3333333,3210427237,2.03e-05,3.09e-05,1.978142499,0.22713,Middle-aged Adults,Low,-0.0496742671009772,-0.0409833643589516,0.9569471624266144,35724.333333333336,True
Monaco,2000,32147,0.0091,286,-1387.0,48.9,1.26,21575,0.998,32082.0,0.0,6143493823,Historical,326.3333333,2865195724,1.92e-05,2.94e-05,1.978142499,0.21575,Middle-aged Adults,Low,-0.0501137606004196,-0.0431455501290944,0.9569471624266146,33867.333333333336,True
Monaco,1995,30716,0.0085,256,-1387.0,48.9,1.26,20615,0.999,30691.0,0.0,5744212979,Historical,293.6666667,2573011970,1.83e-05,2.81e-05,1.978142499,0.20615,Middle-aged Adults,Low,-0.0445142626061529,-0.0451556192212527,0.9569471624266144,32235.33333333333,True
Monaco,1990,29438,0.0042,121,-1387.0,48.9,1.26,19757,0.999,30691.0,0.0,5327231061,Historical,221.0,2288105485,1.76e-05,2.81e-05,1.978142499,0.19757,Middle-aged Adults,Low,-0.0416069800755306,-0.0471159725524831,0.9569471624266144,30767.0,True
Monaco,1985,28832,0.0151,417,-1387.0,48.9,1.26,19350,0.999,30691.0,0.0,4870921740,Historical,264.6666667,2008908528,1.72e-05,2.81e-05,1.978142499,0.1935,Middle-aged Adults,Low,-0.0205856376112507,-0.0481062708102108,0.9569471624266144,29662.0,True
Monaco,1980,26745,0.012,309,-1387.0,48.9,1.26,17950,0.999,30691.0,0.0,4458003514,Historical,282.3333333,1755434817,1.59e-05,2.81e-05,1.978142499,0.1795,Middle-aged Adults,Low,-0.0723848501664816,-0.0518601607777154,0.9569471624266144,28338.33333333333,True
Monaco,1975,25198,0.0142,343,-1387.0,48.9,1.26,16911,1.0,25197.0,0.0,4079480606,Historical,356.3333333,1540040106,1.5e-05,2.31e-05,1.978142499,0.16911,Middle-aged Adults,Low,-0.0578425873995139,-0.0550440511151678,0.9569471624266144,26925.0,True
Monaco,1970,23484,0.0017,40,-1387.0,48.9,1.26,15761,0.999,30691.0,0.0,3700437046,Historical,230.6666667,1355792207,1.39e-05,2.81e-05,1.978142499,0.15761,Middle-aged Adults,Low,-0.0680212715294864,-0.0590614886731391,0.9569471624266144,25142.33333333333,True
Monaco,1965,23282,0.0073,166,-1387.0,48.9,1.26,15626,0.844,19655.0,0.0,3339583597,Historical,183.0,1188442083,1.38e-05,1.8e-05,1.978142499,0.15626,Middle-aged Adults,Low,-0.0086016010901038,-0.059573919766343,0.9569471624266144,23988.0,True
Monaco,1960,22452,0.027,559,-1387.0,48.9,1.26,15068,0.999,30691.0,0.0,3034949748,Historical,255.0,1023987607,1.33e-05,2.81e-05,1.978142499,0.15068,Middle-aged Adults,Low,-0.0356498582595996,-0.0617762337430963,0.9569471624266144,23072.666666666668,True
Monaco,1955,19655,-0.0034,-68,-1387.0,48.9,1.26,13191,0.999,30691.0,0.0,2773019936,Historical,219.0,877161793,1.16e-05,2.81e-05,1.978142499,0.13191,Middle-aged Adults,Low,-0.1245768751113486,-0.0705672856779445,0.9569471624266144,21796.33333333333,True
Macao,2050,838368,0.0055,4541,5000.0,50.5,1.2,27946,0.996,312466.0,0.0001,9735033990,Forecasted,69235.0,6659490517,0.000511064,0.000286131,2.137830848,0.27946,Middle-aged Adults,Low,0.0,0.0059639680903851,1.0202020202020203,838368.0,True
Macao,2045,815665,0.0062,4989,5000.0,50.3,1.2,27189,0.996,312466.0,0.0001,9481803274,Forecasted,33842.66667,6294783425,0.000497214,0.000286131,2.117869805,0.27189,Middle-aged Adults,Low,-0.0270799935112027,0.0061299675724715,1.012072434607646,827016.5,True
Macao,2040,790718,0.0071,5472,5000.0,48.9,1.2,26357,0.996,312466.0,0.0001,9198847240,Forecasted,5000.666667,5925746494,0.000481995,0.000286131,1.978142499,0.26357,Middle-aged Adults,Low,-0.0305848602060895,0.00632336686404,0.9569471624266146,814917.0,True
Macao,2035,763357,0.0085,6297,5000.0,46.8,1.2,25445,0.996,312466.0,0.0001,8887524213,Forecasted,5586.0,5547549780,0.000465303,0.000286131,1.768551541,0.25445,Middle-aged Adults,Low,-0.0346027281533998,0.0065500152615355,0.8796992481203008,789913.3333333334,True
Macao,2030,731874,0.0107,7596,5000.0,44.2,1.2,24396,0.996,312466.0,0.0001,8548487400,Forecasted,6455.0,5159500931,0.000446096,0.000286131,1.509057974,0.24396,Middle-aged Adults,Low,-0.0412428260957847,0.0068317770545203,0.7921146953405018,761983.0,True
Macao,2025,693893,0.0134,8912,5000.0,41.7,1.2,23130,0.996,312466.0,0.0001,8184437460,Forecasted,7601.666667,4767618074,0.000422925,0.000286131,1.259544929,0.2313,Middle-aged Adults,Low,-0.0518955448615472,0.0072057219196619,0.7152658662092627,729708.0,True
Macao,2020,649335,0.0152,9450,5000.0,39.3,1.2,21645,0.996,312466.0,0.0001,7794798739,Forecasted,8652.666667,8732896403,0.000395742,0.000286131,1.020012405,0.21645,Middle-aged Adults,Low,-0.0642145114592596,0.0077001855744723,0.6474464579901152,691700.6666666666,True
Macao,2020,649335,0.0139,8890,5000.0,39.3,1.2,21645,0.996,312466.0,0.0001,7794798739,Historical,9084.0,8732896403,0.000395742,0.000286131,1.020012405,0.21645,Middle-aged Adults,Low,0.0,0.0077001855744723,0.6474464579901152,664187.6666666666,True
Macao,2019,640445,0.0139,8809,5000.0,37.9,1.19,21348,0.996,312466.0,0.0001,7713468100,Historical,9049.666667,4277723521,0.000390319,0.000286131,0.8802851,0.21348,Young Adults,Low,-0.0136909299514118,0.0078070716454964,0.6103059581320451,646371.6666666666,True
Macao,2018,631636,0.0145,9051,5000.0,37.9,1.19,21055,0.996,312466.0,0.0001,7631091040,Historical,8916.666667,4209305915,0.000384945,0.000286131,0.8802851,0.21055,Young Adults,Low,-0.0137544988250357,0.0079159515923728,0.610305958132045,640472.0,True
Macao,2017,622585,0.0159,9749,5000.0,37.9,1.19,20753,1.0,622567.0,0.0001,7547858925,Historical,9203.0,4130196596,0.000379423,0.000570097,0.8802851,0.20753,Young Adults,Low,-0.0143294555725133,0.0080310319072897,0.610305958132045,631555.3333333334,True
Macao,2016,612836,0.0179,10751,5000.0,37.9,1.19,20428,0.999,612167.0,0.0001,7464022049,Historical,9850.333333,4053027738,0.000373476,0.000560573,0.8802851,0.20428,Young Adults,Low,-0.0156589060128335,0.0081587896272412,0.6103059581320451,622352.3333333334,True
Macao,2015,602085,0.0227,12773,8470.0,37.5,1.19,20070,0.998,600942.0,0.0001,7379797139,Historical,11091.0,3974036572,0.000366917,0.000550294,0.840363012,0.2007,Young Adults,Low,-0.0175430294564941,0.0140677811272494,0.6,612502.0,True
Macao,2010,538219,0.0219,11072,8476.0,36.3,0.98,17941,0.998,536969.0,0.0001,6956823603,Historical,11532.0,3589494707,0.000327955,0.000491713,0.720596751,0.17941,Young Adults,Low,-0.1060747236685849,0.0157482363127277,0.5698587127158555,584380.0,True
Macao,2005,482858,0.0245,11015,9257.0,34.4,0.85,16095,0.999,482559.0,0.0001,6541907027,Historical,11620.0,3210427237,0.000294181,0.000441889,0.530966836,0.16095,Young Adults,Low,-0.1028596166244595,0.0191712677433117,0.5243902439024389,541054.0,True
Macao,2000,427782,0.021,8454,5573.0,33.4,1.12,14259,0.996,312466.0,0.0001,6143493823,Historical,10180.33333,2865195724,0.000260581,0.000286131,0.431161618,0.14259,Young Adults,Low,-0.114062519415646,0.0130276636230603,0.5015015015015014,482953.0,True
Macao,1995,385513,0.0232,8341,4369.0,31.1,1.41,12850,1.0,385339.0,0.0001,5744212979,Historical,9270.0,2573011970,0.000234794,0.000352862,0.201609616,0.1285,Young Adults,Low,-0.0988096740863336,0.011332951158586,0.4513788098693759,432051.0,True
Macao,1990,343808,0.0393,12061,6693.0,28.9,2.0,11460,0.998,343119.0,0.0001,5327231061,Historical,9618.666667,2288105485,0.000209352,0.000314201,-0.017961864,0.1146,Young Adults,Low,-0.1081805282830928,0.0194672607967237,0.4064697609001406,385701.0,True
Macao,1985,283503,0.0355,9086,5029.0,27.6,2.06,9450,0.994,281813.0,0.0001,4870921740,Historical,9829.333333,2008908528,0.000172562,0.000258062,-0.147708647,0.0945,Young Adults,Low,-0.1754031319806404,0.0177387893602536,0.3812154696132597,337608.0,True
Macao,1980,238071,-0.003,-711,-2007.0,25.7,1.41,7936,0.985,234592.0,0.0001,4458003514,Historical,6812.0,1755434817,0.000144845,0.00021482,-0.337338562,0.07936,Young Adults,Low,-0.1602522724627252,-0.0084302582002847,0.3458950201884253,288460.6666666667,True
Macao,1975,241628,-0.0037,-913,-2194.0,22.6,1.79,8054,0.979,236533.0,0.0001,4079480606,Historical,2487.333333,1540040106,0.000147015,0.000216598,-0.646734738,0.08054,Young Adults,Low,0.0149409209857562,-0.0090800735014153,0.2919896640826873,254400.66666666663,True
Macao,1970,246194,0.0391,8593,6720.0,18.8,2.74,8206,0.97,238887.0,0.0001,3700437046,Historical,2323.0,1355792207,0.000149801,0.000218753,-1.025994567,0.08206,Young Adults,Low,0.0188968165941032,0.0272955474138281,0.2315270935960591,241964.3333333333,True
Kuwait,1990,2095344,0.0384,72014,23954.0,23.5,3.65,118,0.982,2057080.0,0.0004,5327231061,Historical,20656.33333,2288105485,0.001277899,0.001883708,-0.556910042,0.00118,Young Adults,Low,0.3047778163161987,0.0114320130727937,0.3071895424836601,1915456.0,True
Kuwait,1965,472037,0.119,40602,27400.0,21.3,7.3,26,0.795,375402.0,0.0001,3339583597,Historical,50179.66667,1188442083,0.000287579,0.000343763,-0.776481522,0.00026,Young Adults,Low,-0.3659251796628383,0.0580462972182265,0.2706480304955527,746069.0,True
Kuwait,1960,269029,0.0814,17428,10550.0,23.4,7.2,15,0.751,201926.0,0.0001,3034949748,Historical,37504.33333,1023987607,0.000163732,0.000184908,-0.566890563,0.00015,Young Adults,Low,-0.4300679819590414,0.0392151032044872,0.3054830287206266,495172.0,True
Kuwait,1955,181888,0.0351,5758,770.0,22.7,7.2,10,0.693,126132.0,0.0001,2773019936,Historical,21262.66667,877161793,0.00011057,0.000115502,-0.636754216,0.0001,Young Adults,Low,-0.3239093183262771,0.0042333743842364,0.2936610608020698,307651.3333333333,True
Jordan,1965,1173606,0.0469,48101,7143.0,17.4,8.0,13,0.542,636252.0,0.0004,3339583597,Historical,75520.66667,1188442083,0.000715581,0.000582628,-1.165721872,0.00013,Young Adults,Low,-0.3181953648443668,0.0060863697015863,0.2106537530266344,1653614.0,True
India,2050,1639176033,0.0023,3711367,-427930.0,38.1,2.24,551,0.535,876613025.0,0.1684,9735033990,Forecasted,2450972.667,6659490517,1.0,0.802731681,0.900246143,0.00551,Young Adults,Medium,0.0,-0.000261064090363,0.615508885298869,1639176033.0,True
India,2045,1620619200,0.0035,5585537,-414772.0,36.6,2.24,545,0.501,811749463.0,0.1709,9481803274,Forecasted,3614308.667,6294783425,0.988679166,0.743334849,0.750538316,0.00545,Young Adults,Medium,-0.0113208298720897,-0.000255934274998,0.5772870662460566,1629897616.5,True
India,2040,1592691513,0.005,7793541,-415736.0,35.0,2.24,536,0.467,744380367.0,0.1731,9198847240,Forecasted,5696815.0,5925746494,0.971641522,0.681643651,0.590849967,0.00536,Young Adults,Medium,-0.0172327262320476,-0.0002610273217422,0.5384615384615384,1617495582.0,True
India,2035,1553723810,0.0066,10016298,-415732.0,33.3,2.24,523,0.435,675456367.0,0.1748,8887524213,Forecasted,7798458.667,5547549780,0.947868774,0.618528597,0.421181096,0.00523,Young Adults,Medium,-0.0244665728937051,-0.0002675713645657,0.4992503748125936,1589011507.6666667,True
India,2030,1503642322,0.008,11726140,-440124.0,31.7,2.24,506,0.404,607341981.0,0.1759,8548487400,Forecasted,9845326.333,5159500931,0.917315919,0.556154923,0.261492747,0.00506,Young Adults,Medium,-0.0322331985116454,-0.0002927052488218,0.4641288433382137,1550019215.0,True
India,2025,1445011620,0.0092,13001447,-464081.0,30.0,2.24,486,0.376,542742539.0,0.1766,8184437460,Forecasted,11581295.0,4767618074,0.881547506,0.496999951,0.091823876,0.00486,Young Adults,High,-0.0389924526213222,-0.000321160739178,0.4285714285714285,1500792584.0,True
India,2020,1380004385,0.0104,13970396,-532687.0,28.4,2.24,464,0.35,483098640.0,0.177,7794798739,Forecasted,12899327.67,8732896403,0.841889007,0.442382867,-0.067864473,0.00464,Young Adults,High,-0.0449873441156134,-0.0003860038459225,0.3966480446927373,1442886109.0,True
India,2020,1380004385,0.0099,13586631,-532687.0,28.4,2.24,464,0.35,483098640.0,0.177,7794798739,Historical,13519491.33,8732896403,0.841889007,0.442382867,-0.067864473,0.00464,Young Adults,High,0.0,-0.0003860038459225,0.3966480446927373,1401673463.3333333,True
India,2019,1366417754,0.0102,13775474,-532687.0,27.1,2.36,460,0.345,471828295.0,0.1771,7713468100,Historical,13777500.33,4277723521,0.833600309,0.432062392,-0.197611256,0.0046,Young Adults,High,-0.0098453534986412,-0.0003898419780046,0.3717421124828533,1375475508.0,True
India,2018,1352642280,0.0104,13965495,-532687.0,27.1,2.36,455,0.341,460779764.0,0.1773,7631091040,Historical,13775866.67,4209305915,0.825196404,0.421945036,-0.197611256,0.00455,Young Adults,High,-0.0100814512689653,-0.0003938121762688,0.3717421124828533,1366354806.3333333,True
India,2017,1338676785,0.0107,14159536,-532687.0,27.1,2.36,450,0.336,449963381.0,0.1774,7547858925,Historical,13966835.0,4130196596,0.816676574,0.412040263,-0.197611256,0.0045,Young Adults,High,-0.0103246033385855,-0.000397920548088,0.3717421124828532,1352578939.6666667,True
India,2016,1324517249,0.011,14364846,-532687.0,27.1,2.36,445,0.332,439391699.0,0.1775,7464022049,Historical,14163292.33,4053027738,0.808038367,0.402359567,-0.197611256,0.00445,Young Adults,High,-0.0105772626810735,-0.0004021744529202,0.3717421124828532,1338612104.6666667,True
India,2015,1310152403,0.012,15174247,-470015.0,26.8,2.4,441,0.327,429069459.0,0.1775,7379797139,Historical,14566209.67,3974036572,0.799274908,0.39290729,-0.227552822,0.00441,Young Adults,High,-0.0108453446044929,-0.0003587483402112,0.3661202185792349,1324448812.3333333,True
India,2010,1234281170,0.0147,17334249,-531169.0,25.1,2.8,415,0.308,380744554.0,0.1774,6956823603,Historical,15624447.33,3589494707,0.752988688,0.34865523,-0.397221693,0.00415,Young Adults,High,-0.0579102345851286,-0.0004303468390431,0.3351134846461949,1289650274.0,True
India,2005,1147609927,0.0167,18206876,-377797.0,23.8,3.14,386,0.291,334479406.0,0.1754,6541907027,Historical,16905124.0,3210427237,0.700113783,0.30628933,-0.526968476,0.00386,Young Adults,High,-0.0702200155901268,-0.0003292033217136,0.3123359580052494,1230681166.6666667,True
India,2000,1056575549,0.0185,18530592,-136514.0,22.7,3.48,355,0.276,291350282.0,0.172,6143493823,Historical,18023905.67,2865195724,0.644577092,0.266795148,-0.636754216,0.00355,Young Adults,High,-0.0793251921739432,-0.0001292042013741,0.2936610608020698,1146155548.6666667,True
India,1995,963922588,0.0199,18128958,-110590.0,21.8,3.83,324,0.265,255558824.0,0.1678,5744212979,Historical,18288808.67,2573011970,0.588052963,0.23402021,-0.726578912,0.00324,Young Adults,High,-0.0876917519884799,-0.0001147291300948,0.278772378516624,1056036021.3333334,True
India,1990,873277798,0.0217,17783558,9030.0,21.1,4.27,294,0.255,222296728.0,0.1639,5327231061,Historical,18147702.67,2288105485,0.532753944,0.203561459,-0.796442565,0.00294,Young Adults,High,-0.0940374166229207,1.0340352200274304e-05,0.267427122940431,964591978.3333334,True
India,1985,784360008,0.0233,17081433,115942.0,20.6,4.68,264,0.243,190321782.0,0.161,4870921740,Historical,17664649.67,2008908528,0.478508504,0.174281376,-0.846345174,0.00264,Young Adults,High,-0.1018207381472899,0.0001478173272699,0.2594458438287154,873853464.6666666,True
India,1980,698952844,0.0232,15169989,222247.0,20.2,4.97,235,0.23,160941941.0,0.1568,4458003514,Historical,16678326.67,1755434817,0.426404767,0.147377681,-0.886267262,0.00235,Young Adults,High,-0.1088877086145371,0.0003179713794826,0.2531328320802004,785530216.6666666,True
India,1975,623102897,0.0233,13582621,421208.0,19.7,5.41,210,0.213,132533810.0,0.1527,4079480606,Historical,15278014.33,1540040106,0.380131533,0.1213638,-0.936169871,0.0021,Young Adults,High,-0.108519405352044,0.0006759846600424,0.2453300124533001,702138583.0,True
India,1970,555189792,0.0215,11213294,-68569.0,19.3,5.72,187,0.197,109388950.0,0.15,3700437046,Historical,13321968.0,1355792207,0.338700271,0.1001696,-0.976091958,0.00187,Young Adults,Medium,-0.1089917978667334,-0.0001235055128679,0.2391573729863693,625748511.0,True
India,1965,499123324,0.0207,9715129,-17078.0,19.6,5.89,168,0.187,93493844.0,0.1495,3339583597,Historical,11503681.33,1188442083,0.304496202,0.08561414,-0.946150392,0.00168,Young Adults,Medium,-0.1009861290821427,-3.4215992679196056e-05,0.2437810945273632,559138671.0,True
India,1960,450547679,0.0191,8133417,-30805.0,20.2,5.9,152,0.179,80565723.0,0.1485,3034949748,Historical,9687280.0,1023987607,0.274862006,0.073775607,-0.886267262,0.00152,Young Adults,Medium,-0.0973219295999078,-6.837234200911287e-05,0.2531328320802005,501620265.0,True
Hong Kong,2050,8041048,-0.0016,-12948,22000.0,53.4,1.33,7658,0.996,7987249.0,0.0008,9735033990,Forecasted,39902.0,6659490517,0.004905152,0.00731408,2.427265981,0.07658,Middle-aged Adults,Low,0.0,0.0027359617801062,1.145922746781116,8041048.0,True
Hong Kong,2045,8105788,-0.0008,-6903,20000.0,52.7,1.33,7720,0.996,7987249.0,0.0009,9481803274,Forecasted,26101.0,6294783425,0.004944647,0.00731408,2.357402328,0.0772,Middle-aged Adults,Low,0.0080511893474581,0.0024673726971393,1.1141649048625797,8073418.0,True
Hong Kong,2040,8140302,0.0005,4265,20000.0,51.3,1.33,7753,0.996,7987249.0,0.0009,9198847240,Forecasted,-5195.333333,5925746494,0.004965703,0.00731408,2.217675023,0.07753,Middle-aged Adults,Low,0.0042579450634534,0.002456911303782,1.053388090349076,8095712.666666667,True
Hong Kong,2035,8118975,0.0025,20061,20000.0,49.7,1.33,7732,0.996,7987249.0,0.0009,8887524213,Forecasted,5807.666667,5547549780,0.004952692,0.00731408,2.057986674,0.07732,Middle-aged Adults,Low,-0.002619927368788,0.0024633651415357,0.988071570576541,8121688.333333333,True
Hong Kong,2030,8018670,0.0067,52628,36440.0,47.9,1.33,7637,0.996,7987249.0,0.0009,8548487400,Forecasted,25651.33333,5159500931,0.0048915,0.00731408,1.878337281,0.07637,Middle-aged Adults,Low,-0.012354392026087,0.0045443945192906,0.9193857965451054,8092649.0,True
Holy See,2050,814,0.004,3,-28000.0,32.7,2.96,2035,0.99,806.0,0.0,9735033990,Forecasted,32795.0,6659490517,1.04e-07,7.38e-07,0.361297965,0.02035,Young Adults,Low,0.0,-34.3980343980344,0.4858841010401188,814.0,True
Holy See,2045,798,-0.0012,-1,-28000.0,32.7,2.96,1995,0.9955,799.5,0.0,9481803274,Forecasted,14976.0,6294783425,9.39e-08,7.32e-07,0.361297965,0.01995,Young Adults,Low,-0.0196560196560197,-35.08771929824562,0.4858841010401189,806.0,True
Holy See,2040,803,0.0015,1,-28000.0,32.7,2.96,2008,0.994,798.0,0.0,9198847240,Forecasted,1.0,5925746494,9.7e-08,7.31e-07,0.361297965,0.02008,Young Adults,Low,0.006265664160401,-34.8692403486924,0.4858841010401189,805.0,True
Holy See,2035,797,0.0005,0,-28000.0,32.7,2.96,1993,0.997,795.0,0.0,8887524213,Forecasted,0.0,5547549780,9.33e-08,7.28e-07,0.361297965,0.01993,Young Adults,Low,-0.0074719800747198,-35.131744040150565,0.485884101040119,799.3333333333334,True
Holy See,2030,795,-0.0018,-1,-28000.0,32.7,2.96,1988,0.9955,799.5,0.0,8548487400,Forecasted,0.0,5159500931,9.21e-08,7.32e-07,0.361297965,0.01988,Young Adults,Low,-0.0025094102885822,-35.22012578616352,0.485884101040119,798.3333333333334,True
Holy See,2025,802,0.0002,0,-28000.0,32.7,2.96,2005,0.999,801.0,0.0,8184437460,Forecasted,-0.333333333,4767618074,9.64e-08,7.33e-07,0.361297965,0.02005,Young Adults,Low,0.0088050314465408,-34.912718204488776,0.4858841010401189,798.0,True
Holy See,2020,801,-0.0005,0,-28000.0,32.7,2.96,2003,0.9955,799.5,0.0,7794798739,Forecasted,-0.333333333,8732896403,9.58e-08,7.32e-07,0.361297965,0.02003,Young Adults,Low,-0.0012468827930174,-34.95630461922597,0.4858841010401189,799.3333333333334,True
Holy See,2019,799,-0.0025,-2,-28000.0,32.7,2.96,1998,0.999,792.0,0.0,7713468100,Historical,-0.666666667,4277723521,9.46e-08,7.25e-07,0.361297965,0.01998,Young Adults,Low,-0.0024968789013732,-35.04380475594493,0.4858841010401189,800.6666666666666,True
Holy See,2018,801,0.0101,8,-28000.0,32.7,2.96,2003,0.999,792.0,0.0,7631091040,Historical,2.0,4209305915,9.58e-08,7.25e-07,0.361297965,0.02003,Young Adults,Low,0.002503128911139,-34.95630461922597,0.4858841010401189,800.3333333333334,True
Holy See,2017,793,-0.01,-8,-28000.0,32.7,2.96,1983,0.999,792.0,0.0,7547858925,Historical,-0.666666667,4130196596,9.09e-08,7.25e-07,0.361297965,0.01983,Young Adults,Low,-0.0099875156054931,-35.30895334174023,0.485884101040119,797.6666666666666,True
Holy See,2016,801,-0.0025,-2,-28000.0,32.7,2.96,2003,0.999,792.0,0.0,7464022049,Historical,-0.666666667,4053027738,9.58e-08,7.25e-07,0.361297965,0.02003,Young Adults,Low,0.0100882723833544,-34.95630461922597,0.4858841010401189,798.3333333333334,True
Holy See,2015,803,0.0023,2,-28000.0,32.7,2.96,2008,0.999,792.0,0.0,7379797139,Historical,-2.666666667,3974036572,9.7e-08,7.25e-07,0.361297965,0.02008,Young Adults,Low,0.0024968789013732,-34.8692403486924,0.4858841010401189,799.0,True
Holy See,2010,794,-0.001,-1,-28000.0,32.7,2.96,1985,0.999,792.0,0.0,6956823603,Historical,-0.333333333,3589494707,9.15e-08,7.25e-07,0.361297965,0.01985,Young Adults,Low,-0.0112079701120797,-35.26448362720403,0.485884101040119,799.3333333333334,True
Holy See,2005,798,0.0033,3,-28000.0,32.7,2.96,1995,0.999,792.0,0.0,6541907027,Historical,1.333333333,3210427237,9.39e-08,7.25e-07,0.361297965,0.01995,Young Adults,Low,0.0050377833753147,-35.08771929824562,0.4858841010401189,798.3333333333334,True
Holy See,2000,785,0.0013,1,-28000.0,32.7,2.96,1963,0.999,792.0,0.0,6143493823,Historical,1.0,2865195724,8.6e-08,7.25e-07,0.361297965,0.01963,Young Adults,Low,-0.0162907268170425,-35.6687898089172,0.4858841010401188,792.3333333333334,True
Holy See,1995,780,0.0031,2,-28000.0,32.7,2.96,1950,0.999,792.0,0.0,5744212979,Historical,2.0,2573011970,8.3e-08,7.25e-07,0.361297965,0.0195,Young Adults,Low,-0.0063694267515923,-35.8974358974359,0.4858841010401188,787.6666666666666,True
Holy See,1990,768,0.0058,4,-28000.0,32.7,2.96,1920,0.999,792.0,0.0,5327231061,Historical,2.333333333,2288105485,7.56e-08,7.25e-07,0.361297965,0.0192,Young Adults,Low,-0.0153846153846153,-36.458333333333336,0.4858841010401188,777.6666666666666,True
Holy See,1985,746,0.006,4,-28000.0,32.7,2.96,1865,0.999,792.0,0.0,4870921740,Historical,3.333333333,2008908528,6.22e-08,7.25e-07,0.361297965,0.01865,Young Adults,Low,-0.0286458333333333,-37.53351206434317,0.4858841010401188,764.6666666666666,True
Holy See,1980,724,-0.0011,-1,-28000.0,32.7,2.96,1810,0.999,792.0,0.0,4458003514,Historical,2.333333333,1755434817,4.88e-08,7.25e-07,0.361297965,0.0181,Young Adults,Low,-0.0294906166219839,-38.67403314917127,0.485884101040119,746.0,True
Holy See,1975,728,0.0248,17,-28000.0,32.7,2.96,1820,0.999,792.0,0.0,4079480606,Historical,6.666666667,1540040106,5.12e-08,7.25e-07,0.361297965,0.0182,Young Adults,Low,0.0055248618784531,-38.46153846153846,0.4858841010401189,732.6666666666666,True
Holy See,1970,644,-0.0549,-42,-28000.0,32.7,2.96,1610,0.999,792.0,0.0,3700437046,Historical,-8.666666667,1355792207,0.0,7.25e-07,0.361297965,0.0161,Young Adults,Low,-0.1153846153846154,-43.47826086956522,0.4858841010401189,698.6666666666666,True
Holy See,1965,854,-0.0118,-10,-28000.0,32.7,2.96,2135,0.999,792.0,0.0,3339583597,Historical,-11.66666667,1188442083,1.28e-07,7.25e-07,0.361297965,0.02135,Young Adults,Low,0.326086956521739,-32.78688524590164,0.485884101040119,742.0,True
Holy See,1960,906,-0.0004,0,-28000.0,32.7,2.96,2265,0.999,792.0,0.0,3034949748,Historical,-17.33333333,1023987607,1.6e-07,7.25e-07,0.361297965,0.02265,Young Adults,Low,0.0608899297423888,-30.90507726269316,0.4858841010401188,801.3333333333334,True
Holy See,1955,908,0.0,0,-28000.0,32.7,2.96,2270,0.999,792.0,0.0,2773019936,Historical,-3.333333333,877161793,1.61e-07,7.25e-07,0.361297965,0.0227,Young Adults,Low,0.0022075055187638,-30.837004405286343,0.4858841010401188,889.3333333333334,True
Equatorial Guinea,1980,249929,-0.0046,-1174,-6000.0,20.7,5.79,9,0.285,71164.0,0.0001,4458003514,Historical,10892.66667,1755434817,0.00015208,6.52e-05,-0.836364652,9e-05,Young Adults,Low,-0.2902123719889355,-0.0240068179362939,0.2610340479192938,340411.6666666667,True
Equatorial Guinea,1970,303982,0.0193,5536,1000.0,20.9,5.79,11,0.272,82618.0,0.0001,3700437046,Historical,-1758.0,1355792207,0.000185055,7.57e-05,-0.816403609,0.00011,Young Adults,Low,0.1883580922595777,0.0032896684672118,0.2642225031605563,269903.6666666667,True
Djibouti,1975,224183,0.0702,12905,6999.0,16.6,6.85,10,0.671,150521.0,0.0001,4079480606,Historical,17730.33333,1540040106,0.000136373,0.000137835,-1.245566047,0.0001,Young Adults,Low,-0.3754652328950301,0.0312200300647239,0.1990407673860911,336252.0,True
Djibouti,1970,159659,0.0679,8939,5000.0,17.5,6.71,7,0.618,98633.0,0.0,3700437046,Historical,16266.33333,1355792207,9.7e-05,9.03e-05,-1.155741351,7e-05,Young Adults,Low,-0.2878184340471846,0.0313167438102455,0.2121212121212121,247600.66666666663,True
China,2050,1402405170,-0.0038,-5381416,-330100.0,47.6,1.69,149,0.779,1091948003.0,0.1441,9735033990,Forecasted,-1522062.0,6659490517,0.855554894,0.999918129,1.848395716,0.00149,Middle-aged Adults,Low,0.0,-0.0002353813341974,0.9083969465648856,1402405170.0,True
China,2045,1429312248,-0.0027,-3943835,-311081.0,47.2,1.69,152,0.764,1092037409.0,0.1507,9481803274,Forecasted,-2988855.333,6294783425,0.871969902,1.0,1.808473629,0.00152,Middle-aged Adults,Low,0.0191863796394875,-0.0002176438356526,0.8939393939393939,1415858709.0,True
China,2040,1449031423,-0.0017,-2410321,-311801.0,46.3,1.69,154,0.748,1083464035.0,0.1575,9198847240,Forecasted,-3911857.333,5925746494,0.883999838,0.992149194,1.718648932,0.00154,Middle-aged Adults,Low,0.0137962681195746,-0.0002151789085114,0.8621973929236498,1426916280.3333333,True
China,2035,1461083029,-0.0004,-651426,-311798.0,45.0,1.69,156,0.725,1059618626.0,0.1644,8887524213,Forecasted,-2335194.0,5547549780,0.891352075,0.970313487,1.588902149,0.00156,Middle-aged Adults,Low,0.008317008043241,-0.0002134019722434,0.8181818181818183,1446475566.6666667,True
China,2030,1464340159,0.0009,1286382,-352100.0,42.6,1.69,156,0.695,1017847445.0,0.1713,8548487400,Forecasted,-591788.3333,5159500931,0.893339129,0.9320628,1.349369625,0.00156,Middle-aged Adults,Low,0.0022292572943163,-0.0002404495962471,0.7421602787456445,1458151537.0,True
China,2025,1457908249,0.0026,3716895,-371264.0,40.2,1.69,155,0.656,956553854.0,0.1781,8184437460,Forecasted,1450617.0,4767618074,0.88941526,0.875935061,1.109837101,0.00155,Middle-aged Adults,Medium,-0.0043923605867589,-0.0002546552571155,0.6722408026755854,1461110479.0,True
China,2020,1439323776,0.0046,6495181,-348399.0,38.4,1.69,153,0.608,875075919.0,0.1847,7794798739,Forecasted,3832819.333,8732896403,0.878077564,0.801324123,0.930187709,0.00153,Young Adults,Medium,-0.0127473543089884,-0.0002420574201645,0.6233766233766234,1453857394.6666667,True
China,2020,1439323776,0.0039,5540090,-348399.0,38.4,1.69,153,0.608,875075919.0,0.1847,7794798739,Historical,5250722.0,8732896403,0.878077564,0.801324123,0.930187709,0.00153,Young Adults,Medium,0.0,-0.0002420574201645,0.6233766233766234,1445518600.3333333,True
China,2019,1433783686,0.0043,6135900,-348399.0,37.0,1.65,153,0.597,856409297.0,0.1859,7713468100,Historical,6057057.0,4277723521,0.874697761,0.784230732,0.790460403,0.00153,Young Adults,Medium,-0.0038490922559456,-0.0002429927215673,0.5873015873015872,1437477079.3333333,True
China,2018,1427647786,0.0047,6625995,-348399.0,37.0,1.65,152,0.586,837022095.0,0.1871,7631091040,Historical,6100661.667,4209305915,0.870954476,0.766477493,0.790460403,0.00152,Young Adults,Medium,-0.0042795158432288,-0.0002440370821266,0.5873015873015872,1433585082.6666667,True
China,2017,1421021791,0.0049,6972440,-348399.0,37.0,1.65,151,0.575,816957613.0,0.1883,7547858925,Historical,6578111.667,4130196596,0.866912203,0.748104054,0.790460403,0.00151,Young Adults,Medium,-0.0046411972651635,-0.0002451749876086,0.5873015873015873,1427484421.0,True
China,2016,1414049351,0.0051,7201481,-348399.0,37.0,1.65,151,0.563,796289491.0,0.1894,7464022049,Historical,6933305.333,4053027738,0.862658576,0.729177851,0.790460403,0.00151,Young Adults,Medium,-0.0049066383388064,-0.0002463839043196,0.5873015873015873,1420906309.3333333,True
China,2015,1406847870,0.0055,7607451,-310442.0,36.7,1.64,150,0.551,775352918.0,0.1906,7379797139,Historical,7260457.333,3974036572,0.85826522,0.710005822,0.760518838,0.0015,Young Adults,Medium,-0.0050928074008924,-0.0002206649394152,0.5797788309636652,1413973004.0,True
China,2010,1368810615,0.0057,7606847,-435677.0,35.0,1.62,146,0.489,669353557.0,0.1968,6956823603,Historical,7471926.333,3589494707,0.835060104,0.612940135,0.590849967,0.00146,Young Adults,Medium,-0.0270372197386203,-0.0003182887356553,0.5384615384615384,1396569278.6666667,True
China,2005,1330776380,0.0062,8045123,-393116.0,32.6,1.61,142,0.422,561983323.0,0.2034,6541907027,Historical,7753140.333,3210427237,0.811856831,0.514619113,0.351317444,0.00142,Young Adults,Medium,-0.0277863384336772,-0.0002954034997224,0.4836795252225519,1368811621.6666667,True
China,2000,1290550765,0.0079,9926046,-76600.0,30.0,1.62,137,0.357,460377048.0,0.2101,6143493823,Historical,8526005.333,2865195724,0.787316677,0.421576261,0.091823876,0.00137,Young Adults,Medium,-0.030227178363355,-5.93545035789429e-05,0.4285714285714285,1330045920.0,True
China,1995,1240920535,0.0107,12807372,-155996.0,27.4,1.83,132,0.309,383901711.0,0.216,5744212979,Historical,10259513.67,2573011970,0.757039118,0.3515463,-0.167669691,0.00132,Young Adults,High,-0.0384566274694354,-0.000125709902931,0.3774104683195591,1287415893.3333333,True
China,1990,1176883674,0.0182,20258863,-86330.0,24.9,2.73,125,0.263,310022147.0,0.2209,5327231061,Historical,14330760.33,2288105485,0.717972609,0.28389334,-0.417182736,0.00125,Young Adults,High,-0.0516043204974442,-7.335474346974415e-05,0.3315579227696404,1236118324.6666667,True
China,1985,1075589361,0.0147,15100025,-40000.0,23.5,2.52,115,0.228,244946241.0,0.2208,4870921740,Historical,16055420.0,2008908528,0.656176712,0.224302061,-0.556910042,0.00115,Young Adults,High,-0.0860699449213363,-3.718891377171218e-05,0.3071895424836601,1164464523.3333333,True
China,1980,1000089235,0.0155,14769670,-9401.0,21.9,3.01,107,0.192,192392094.0,0.2243,4458003514,Historical,16709519.33,1755434817,0.61011689,0.176177201,-0.716598391,0.00107,Young Adults,High,-0.070194191889185,-9.400161176617403e-06,0.2804097311139564,1084187423.3333333,True
China,1975,926240885,0.0228,19727898,-221096.0,20.3,4.85,99,0.173,160244444.0,0.227,4079480606,Historical,16532531.0,1540040106,0.565064756,0.146738969,-0.87628674,0.00099,Young Adults,High,-0.0738417607304812,-0.0002387024839656,0.2547051442910916,1000639827.0,True
China,1970,827601394,0.027,20676485,-32000.0,19.3,6.3,88,0.173,143513192.0,0.2236,3700437046,Historical,18391351.0,1355792207,0.504888467,0.131417835,-0.976091958,0.00088,Young Adults,High,-0.1064944255834701,-3.866595710446568e-05,0.2391573729863692,917977171.3333334,True
China,1965,724218968,0.0186,12762182,-225145.0,19.8,6.15,77,0.18,130684595.0,0.2169,3339583597,Historical,17722188.33,1188442083,0.441818691,0.119670438,-0.926189349,0.00077,Young Adults,High,-0.1249181390334873,-0.000310879733821,0.2468827930174564,826020415.6666666,True
China,1960,660408056,0.0153,9633300,-11900.0,21.3,5.48,70,0.161,106561743.0,0.2176,3034949748,Historical,14357322.33,1023987607,0.402890024,0.097580671,-0.776481522,0.0007,Young Adults,Medium,-0.0881099706297667,-1.8019162382840465e-05,0.2706480304955527,737409472.6666666,True
China,1955,612241554,0.02,11564456,-51205.0,22.2,6.11,65,0.138,84639825.0,0.2208,2773019936,Historical,11319979.33,877161793,0.373505431,0.077506342,-0.686656825,0.00065,Young Adults,Medium,-0.0729344555421352,-8.363529013256098e-05,0.2853470437017995,665622859.3333334,True
Cayman Islands,1985,19467,0.0373,651,247549.5,45.5,1.53,81,0.992,19313.0,0.0,4870921740,Historical,1063.666667,2008908528,1.15e-05,1.77e-05,1.638804758,0.00081,Middle-aged Adults,Low,-0.2309181415929203,12.71636615811373,0.834862385321101,25648.33333333333,True
Cayman Islands,1980,16212,0.0577,794,247549.5,45.5,1.53,68,0.997,16162.0,0.0,4458003514,Historical,871.3333333,1755434817,9.5e-06,1.48e-05,1.638804758,0.00068,Middle-aged Adults,Low,-0.1672060409924487,15.269522575869726,0.8348623853211008,20330.33333333333,True
Cayman Islands,1975,12244,0.0601,620,247549.5,45.5,1.53,51,0.979,48622.0,0.0,4079480606,Historical,688.3333333,1540040106,7.08e-06,4.45e-05,1.638804758,0.00051,Middle-aged Adults,Low,-0.2447569701455711,20.218025155178047,0.834862385321101,15974.333333333334,True
Cayman Islands,1970,9144,0.0179,155,247549.5,45.5,1.53,38,0.979,48622.0,0.0,3700437046,Historical,523.0,1355792207,5.19e-06,4.45e-05,1.638804758,0.00038,Middle-aged Adults,Low,-0.2531852335837962,27.07234251968504,0.8348623853211011,12533.333333333334,True
Cayman Islands,1965,8369,0.0125,101,247549.5,45.5,1.53,35,0.798,6677.0,0.0,3339583597,Historical,292.0,1188442083,4.71e-06,6.11e-06,1.638804758,0.00035,Middle-aged Adults,Low,-0.0847550306211724,29.57934042298961,0.834862385321101,9919.0,True
Cayman Islands,1960,7865,0.0333,238,247549.5,45.5,1.53,33,0.979,48622.0,0.0,3034949748,Historical,164.6666667,1023987607,4.41e-06,4.45e-05,1.638804758,0.00033,Middle-aged Adults,Low,-0.0602222487752419,31.47482517482517,0.8348623853211011,8459.333333333334,True
Cayman Islands,1955,6677,0.008,52,247549.5,45.5,1.53,28,0.979,48622.0,0.0,2773019936,Historical,130.3333333,877161793,3.68e-06,4.45e-05,1.638804758,0.00028,Middle-aged Adults,Low,-0.151048951048951,37.07495881383855,0.834862385321101,7637.0,True
Caribbean Netherlands,2005,14403,0.0001,2,247549.5,45.5,1.53,44,0.748,10767.0,0.0,6541907027,Historical,678.3333333,3210427237,8.39e-06,9.86e-06,1.638804758,0.00044,Middle-aged Adults,Low,-0.3121776504297994,17.187356800666528,0.8348623853211009,19971.0,True
Caribbean Netherlands,2000,14393,-0.0096,-143,247549.5,45.5,1.53,44,0.749,10787.0,0.0,6143493823,Historical,388.6666667,2865195724,8.39e-06,9.88e-06,1.638804758,0.00044,Middle-aged Adults,Low,-0.000694299798653,17.199298269992358,0.834862385321101,16578.666666666668,True
Caribbean Netherlands,1995,15107,0.0302,418,247549.5,45.5,1.53,46,0.764,11548.0,0.0,5744212979,Historical,92.33333333,2573011970,8.82e-06,1.06e-05,1.638804758,0.00046,Middle-aged Adults,Low,0.0496074480650317,16.3864102733832,0.8348623853211011,14634.333333333334,True
Caribbean Netherlands,1990,13019,0.016,199,247549.5,45.5,1.53,40,0.777,10111.0,0.0,5327231061,Historical,158.0,2288105485,7.55e-06,9.26e-06,1.638804758,0.0004,Middle-aged Adults,Low,-0.1382140729463162,19.01447883862048,0.834862385321101,14173.0,True
Caribbean Netherlands,1985,12025,0.0141,163,247549.5,45.5,1.53,37,0.784,9427.0,0.0,4870921740,Historical,260.0,2008908528,6.94e-06,8.63e-06,1.638804758,0.00037,Middle-aged Adults,Low,-0.0763499500729703,20.58623700623701,0.8348623853211009,13383.666666666666,True
Caribbean Netherlands,1980,11210,0.0033,37,247549.5,45.5,1.53,34,0.79,8851.0,0.0,4458003514,Historical,133.0,1755434817,6.45e-06,8.11e-06,1.638804758,0.00034,Middle-aged Adults,Low,-0.0677754677754677,22.08291703835861,0.834862385321101,12084.666666666666,True
Caribbean Netherlands,1975,11027,0.0126,134,247549.5,45.5,1.53,34,0.784,8641.0,0.0,4079480606,Historical,111.3333333,1540040106,6.33e-06,7.91e-06,1.638804758,0.00034,Middle-aged Adults,Low,-0.0163247100802854,22.449396934796408,0.8348623853211009,11420.666666666666,True
Caribbean Netherlands,1970,10359,0.0255,245,247549.5,45.5,1.53,32,0.775,8026.0,0.0,3700437046,Historical,138.6666667,1355792207,5.93e-06,7.35e-06,1.638804758,0.00032,Middle-aged Adults,Low,-0.0605785798494604,23.89704604691573,0.834862385321101,10865.333333333334,True
Caribbean Netherlands,1965,9134,0.025,212,247549.5,45.5,1.53,28,0.61,5568.0,0.0,3339583597,Historical,197.0,1188442083,5.18e-06,5.1e-06,1.638804758,0.00028,Middle-aged Adults,Low,-0.1182546577855004,27.10198160718196,0.834862385321101,10173.333333333334,True
Caribbean Netherlands,1960,8074,0.0103,81,247549.5,45.5,1.53,25,0.743,5999.0,0.0,3034949748,Historical,179.3333333,1023987607,4.53e-06,5.49e-06,1.638804758,0.00025,Middle-aged Adults,Low,-0.1160499233632581,30.66008174386921,0.8348623853211009,9189.0,True
Caribbean Netherlands,1955,7670,0.0149,110,247549.5,45.5,1.53,23,0.726,5568.0,0.0,2773019936,Historical,134.3333333,877161793,4.29e-06,5.1e-06,1.638804758,0.00023,Middle-aged Adults,Low,-0.0500371563041862,32.27503259452412,0.834862385321101,8292.666666666666,True
Andorra,1955,9232,0.083,607,-10000.0,34.9,3.05,20,0.486,4484.0,0.0,2773019936,Historical,823.6666667,877161793,5.24e-06,4.11e-06,0.580869445,0.0002,Young Adults,Low,-0.3116098724927298,-1.0831889081455806,0.5360983102918586,13730.666666666666,True
Afghanistan,1990,12412308,0.0078,94820,-305070.0,15.8,7.47,19,0.209,2593947.0,0.0023,5327231061,Historical,589449.6667,2288105485,0.007571895,0.002375328,-1.325410221,0.00019,Young Adults,Low,-0.3146406560512962,-0.0245780236842334,0.1876484560570071,17100972.666666668,True
